Player,ESPN_Player_ID,IPL_2026_Team,Photo_URL,ESPN_Profile_URL,Team_Logo_Page_URL,PowerBI_Image_Category_Note
Ruturaj Gaikwad,1060380,Chennai Super Kings,https://a.espncdn.com/i/headshots/cricket/players/full/1060380.png,https://www.espncricinfo.com/cricketers/ruturaj-gaikwad-1060380,https://www.iplt20.com/teams/chennai-super-kings,Use Photo_URL as Image URL. Team_Logo_Page_URL is official team page; direct logo asset URL varies by site.
Virat Kohli,253802,Royal Challengers Bengaluru,https://a.espncdn.com/i/headshots/cricket/players/full/253802.png,https://www.espncricinfo.com/cricketers/virat-kohli-253802,https://www.iplt20.com/teams/royal-challengers-bengaluru,Use Photo_URL as Image URL. Team_Logo_Page_URL is official team page; direct logo asset URL varies by site.
Suryakumar Yadav,446507,Mumbai Indians,https://a.espncdn.com/i/headshots/cricket/players/full/446507.png,https://www.espncricinfo.com/cricketers/suryakumar-yadav-446507,https://www.iplt20.com/teams/mumbai-indians,Use Photo_URL as Image URL. Team_Logo_Page_URL is official team page; direct logo asset URL varies by site.
Shubman Gill,1070173,Gujarat Titans,https://a.espncdn.com/i/headshots/cricket/players/full/1070173.png,https://www.espncricinfo.com/cricketers/shubman-gill-1070173,https://www.iplt20.com/teams/gujarat-titans,Use Photo_URL as Image URL. Team_Logo_Page_URL is official team page; direct logo asset URL varies by site.
Sanju Samson,425943,Chennai Super Kings,https://a.espncdn.com/i/headshots/cricket/players/full/425943.png,https://www.espncricinfo.com/cricketers/sanju-samson-425943,https://www.iplt20.com/teams/chennai-super-kings,Use Photo_URL as Image URL. Team_Logo_Page_URL is official team page; direct logo asset URL varies by site.
Jos Buttler,308967,Gujarat Titans,https://a.espncdn.com/i/headshots/cricket/players/full/308967.png,https://www.espncricinfo.com/cricketers/jos-buttler-308967,https://www.iplt20.com/teams/gujarat-titans,Use Photo_URL as Image URL. Team_Logo_Page_URL is official team page; direct logo asset URL varies by site.
Yashasvi Jaiswal,1151278,Rajasthan Royals,https://a.espncdn.com/i/headshots/cricket/players/full/1151278.png,https://www.espncricinfo.com/cricketers/yashasvi-jaiswal-1151278,https://www.iplt20.com/teams/rajasthan-royals,Use Photo_URL as Image URL. Team_Logo_Page_URL is official team page; direct logo asset URL varies by site.
Faf du Plessis,44828,No IPL 2026 team,https://a.espncdn.com/i/headshots/cricket/players/full/44828.png,https://www.espncricinfo.com/cricketers/faf-du-plessis-44828,,Use Photo_URL as Image URL. Team_Logo_Page_URL is official team page; direct logo asset URL varies by site.
Tilak Varma,1170265,Mumbai Indians,https://a.espncdn.com/i/headshots/cricket/players/full/1170265.png,https://www.espncricinfo.com/cricketers/tilak-varma-1170265,https://www.iplt20.com/teams/mumbai-indians,Use Photo_URL as Image URL. Team_Logo_Page_URL is official team page; direct logo asset URL varies by site.
Rahul Tripathi,1070180,Kolkata Knight Riders,https://a.espncdn.com/i/headshots/cricket/players/full/1070180.png,https://www.espncricinfo.com/cricketers/rahul-tripathi-1070180,https://www.iplt20.com/teams/kolkata-knight-riders,Use Photo_URL as Image URL. Team_Logo_Page_URL is official team page; direct logo asset URL varies by site.
Jasprit Bumrah,625383,Mumbai Indians,https://a.espncdn.com/i/headshots/cricket/players/full/625383.png,https://www.espncricinfo.com/cricketers/jasprit-bumrah-625383,https://www.iplt20.com/teams/mumbai-indians,Use Photo_URL as Image URL. Team_Logo_Page_URL is official team page; direct logo asset URL varies by site.
Rashid Khan,793463,Gujarat Titans,https://a.espncdn.com/i/headshots/cricket/players/full/793463.png,https://www.espncricinfo.com/cricketers/rashid-khan-793463,https://www.iplt20.com/teams/gujarat-titans,Use Photo_URL as Image URL. Team_Logo_Page_URL is official team page; direct logo asset URL varies by site.
T Natarajan,802575,Delhi Capitals,https://a.espncdn.com/i/headshots/cricket/players/full/802575.png,https://www.espncricinfo.com/cricketers/t-natarajan-802575,https://www.iplt20.com/teams/delhi-capitals,Use Photo_URL as Image URL. Team_Logo_Page_URL is official team page; direct logo asset URL varies by site.
Yuzvendra Chahal,430246,Punjab Kings,https://a.espncdn.com/i/headshots/cricket/players/full/430246.png,https://www.espncricinfo.com/cricketers/yuzvendra-chahal-430246,https://www.iplt20.com/teams/punjab-kings,Use Photo_URL as Image URL. Team_Logo_Page_URL is official team page; direct logo asset URL varies by site.
Arshdeep Singh,1125976,Punjab Kings,https://a.espncdn.com/i/headshots/cricket/players/full/1125976.png,https://www.espncricinfo.com/cricketers/arshdeep-singh-1125976,https://www.iplt20.com/teams/punjab-kings,Use Photo_URL as Image URL. Team_Logo_Page_URL is official team page; direct logo asset URL varies by site.
Mohammed Siraj,940973,Gujarat Titans,https://a.espncdn.com/i/headshots/cricket/players/full/940973.png,https://www.espncricinfo.com/cricketers/mohammed-siraj-940973,https://www.iplt20.com/teams/gujarat-titans,Use Photo_URL as Image URL. Team_Logo_Page_URL is official team page; direct logo asset URL varies by site.
Kagiso Rabada,550215,Gujarat Titans,https://a.espncdn.com/i/headshots/cricket/players/full/550215.png,https://www.espncricinfo.com/cricketers/kagiso-rabada-550215,https://www.iplt20.com/teams/gujarat-titans,Use Photo_URL as Image URL. Team_Logo_Page_URL is official team page; direct logo asset URL varies by site.
Kuldeep Yadav,559235,Delhi Capitals,https://a.espncdn.com/i/headshots/cricket/players/full/559235.png,https://www.espncricinfo.com/cricketers/kuldeep-yadav-559235,https://www.iplt20.com/teams/delhi-capitals,Use Photo_URL as Image URL. Team_Logo_Page_URL is official team page; direct logo asset URL varies by site.
Pat Cummins,489889,Sunrisers Hyderabad,https://a.espncdn.com/i/headshots/cricket/players/full/489889.png,https://www.espncricinfo.com/cricketers/pat-cummins-489889,https://www.iplt20.com/teams/sunrisers-hyderabad,Use Photo_URL as Image URL. Team_Logo_Page_URL is official team page; direct logo asset URL varies by site.
Harshal Patel,390481,Sunrisers Hyderabad,https://a.espncdn.com/i/headshots/cricket/players/full/390481.png,https://www.espncricinfo.com/cricketers/harshal-patel-390481,https://www.iplt20.com/teams/sunrisers-hyderabad,Use Photo_URL as Image URL. Team_Logo_Page_URL is official team page; direct logo asset URL varies by site.
